URL,Name,Sprint_Speed,Finishing,Short_Passing,Dribbling,Standing_Tackle,Strength,Overall,Potential,Age,Target_Value_EUR,Log_Target_Value_EUR,Career_Stage,Raw_Position,Broad_Position
https://sofifa.com/player/246350/enzo-le-fee/260031/,Enzo Le Fée,63.0,60.0,80.0,79.0,74.0,55.0,78.0,80.0,25,18406037,16.72818932092298,22-27 (Peak Prime),CM LM CAM ,Midfielder
https://sofifa.com/player/258378/mika-godts/260031/,Mika Godts,81.0,72.0,74.0,84.0,50.0,63.0,77.0,86.0,20,18406037,16.72818932092298,U21 (Wonderkid),LW LM ,Attacker
https://sofifa.com/player/251566/gabriel-teodoro-martinelli-silva/260031/,Gabriel Teodoro Martinelli Silva,89.0,79.0,77.0,85.0,44.0,63.0,81.0,84.0,24,33130866,17.315975943568432,22-27 (Peak Prime),LW LM ,Attacker
https://sofifa.com/player/231943/richarlison-de-andrade/260031/,Richarlison de Andrade,75.0,79.0,76.0,80.0,58.0,74.0,79.0,79.0,28,20614761,16.84151797906498,28+ (Veteran),ST LW LM ,Attacker
https://sofifa.com/player/256675/omar-marmoush/260031/,Omar Marmoush,90.0,85.0,82.0,85.0,30.0,67.0,83.0,83.0,26,44174489,17.60365803111188,22-27 (Peak Prime),LW ST LM ,Attacker
https://sofifa.com/player/237383/alessandro-bastoni/260031/,Alessandro Bastoni,77.0,40.0,84.0,77.0,88.0,81.0,87.0,89.0,26,51536904,17.757808710939138,22-27 (Peak Prime),CB ,Defender
https://sofifa.com/player/275507/mamadou-sarr/260031/,Mamadou Sarr,76.0,21.0,72.0,53.0,79.0,82.0,77.0,84.0,19,18406037,16.72818932092298,U21 (Wonderkid),CB ,Defender
https://sofifa.com/player/254243/elliot-anderson/260031/,Elliot Anderson,68.0,66.0,83.0,82.0,83.0,75.0,82.0,86.0,22,44174489,17.60365803111188,22-27 (Peak Prime),CDM CM ,Midfielder
https://sofifa.com/player/250723/kouadio-manu-kone/260031/,Kouadio Manu Koné,72.0,71.0,82.0,83.0,79.0,82.0,80.0,84.0,24,36812074,17.421336474317926,22-27 (Peak Prime),CM CDM ,Midfielder
https://sofifa.com/player/235794/eberechi-eze/260031/,Eberechi Eze,75.0,80.0,84.0,87.0,63.0,68.0,84.0,85.0,27,44174489,17.60365803111188,22-27 (Peak Prime),CAM CM LW ,Attacker
https://sofifa.com/player/268438/alejandro-garnacho/260031/,Alejandro Garnacho,84.0,77.0,74.0,78.0,37.0,42.0,78.0,84.0,21,29449659,17.198192923003713,U21 (Wonderkid),LM LW ,Attacker
https://sofifa.com/player/222077/manuel-locatelli/260031/,Manuel Locatelli,65.0,60.0,85.0,76.0,85.0,73.0,84.0,85.0,27,18406037,16.72818932092298,22-27 (Peak Prime),CDM CM ,Midfielder
https://sofifa.com/player/220697/james-maddison/260031/,James Maddison,65.0,80.0,86.0,86.0,68.0,56.0,83.0,83.0,28,18406037,16.72818932092298,28+ (Veteran),CM CAM ,Midfielder
https://sofifa.com/player/242516/cody-gakpo/260031/,Cody Gakpo,82.0,81.0,81.0,86.0,48.0,75.0,83.0,84.0,26,47855696,17.68370072833734,22-27 (Peak Prime),LM LW ,Attacker
https://sofifa.com/player/231281/trent-alexander-arnold/260031/,Trent Alexander-Arnold,79.0,64.0,87.0,79.0,82.0,68.0,85.0,86.0,26,47855696,17.68370072833734,22-27 (Peak Prime),RB RM ,Defender
https://sofifa.com/player/257534/cole-palmer/260031/,Cole Palmer,75.0,82.0,87.0,87.0,50.0,60.0,86.0,89.0,23,80986563,18.20979382233447,22-27 (Peak Prime),CAM RM CM ,Midfielder
https://sofifa.com/player/275029/ibrahim-maza/260031/,Ibrahim Maza,76.0,67.0,80.0,83.0,68.0,62.0,78.0,86.0,19,29449659,17.198192923003713,U21 (Wonderkid),CAM CM ,Midfielder
https://sofifa.com/player/259868/pape-matar-sarr/260031/,Pape Matar Sarr,66.0,65.0,82.0,81.0,80.0,71.0,80.0,85.0,22,23559727,16.975049371689504,22-27 (Peak Prime),CM CDM ,Midfielder
https://sofifa.com/player/266032/jamie-gittens/260031/,Jamie Gittens,90.0,75.0,71.0,87.0,22.0,54.0,78.0,84.0,20,25768452,17.064661549782763,U21 (Wonderkid),LM LW ,Attacker
https://sofifa.com/player/235152/ferdi-kadioglu/260031/,Ferdi Kadıoğlu,84.0,65.0,78.0,79.0,77.0,58.0,79.0,81.0,25,22087244,16.910510850551933,22-27 (Peak Prime),LB RB LM ,Defender
https://sofifa.com/player/262880/raphael-onyedika/260031/,Raphael Onyedika,73.0,60.0,79.0,70.0,76.0,83.0,78.0,85.0,24,16933554,16.6448077143461,22-27 (Peak Prime),CDM CM CB ,Defender
https://sofifa.com/player/261050/francisco-f-da-conceicao/260031/,Francisco F. da Conceição,87.0,74.0,78.0,85.0,42.0,40.0,79.0,86.0,22,22087244,16.910510850551933,22-27 (Peak Prime),CAM RM RW CM ,Attacker
https://sofifa.com/player/251517/josko-gvardiol/260031/,Joško Gvardiol,79.0,68.0,82.0,79.0,85.0,82.0,85.0,88.0,23,51536904,17.757808710939138,22-27 (Peak Prime),CB LB LM ,Defender
https://sofifa.com/player/223334/joelinton-apolinario-de-lira/260031/,Joelinton Apolinário de Lira,78.0,75.0,81.0,83.0,84.0,90.0,81.0,81.0,28,22087244,16.910510850551933,28+ (Veteran),CM CDM ,Midfielder
https://sofifa.com/player/229261/denis-zakaria/260031/,Denis Zakaria,86.0,64.0,82.0,78.0,82.0,87.0,81.0,81.0,28,18406037,16.72818932092298,28+ (Veteran),CDM CM CB ,Defender
https://sofifa.com/player/241721/rafael-da-conceicao-leao/260031/,Rafael da Conceição Leão,93.0,82.0,83.0,87.0,24.0,79.0,84.0,85.0,26,47855696,17.68370072833734,22-27 (Peak Prime),LW LM ST ,Attacker
https://sofifa.com/player/251805/jurrien-timber/260031/,Jurriën Timber,76.0,41.0,81.0,77.0,85.0,82.0,84.0,87.0,24,51536904,17.757808710939138,22-27 (Peak Prime),RB LB CB RM ,Defender
https://sofifa.com/player/259399/rasmus-hojlund/260031/,Rasmus Højlund,86.0,79.0,72.0,75.0,28.0,82.0,77.0,83.0,22,36812074,17.421336474317926,22-27 (Peak Prime),ST ,Attacker
https://sofifa.com/player/226268/federico-dimarco/260031/,Federico Dimarco,79.0,74.0,85.0,78.0,81.0,72.0,86.0,86.0,27,36812074,17.421336474317926,22-27 (Peak Prime),LB LM ,Defender
https://sofifa.com/player/75605/raul-asencio-del-rosario/260031/,Raúl Asencio del Rosario,86.0,35.0,79.0,71.0,78.0,78.0,78.0,84.0,22,18406037,16.72818932092298,22-27 (Peak Prime),CB RB CM ,Defender
https://sofifa.com/player/70004/senny-mayulu/260031/,Senny Mayulu,74.0,74.0,80.0,78.0,68.0,52.0,77.0,86.0,19,29449659,17.198192923003713,U21 (Wonderkid),CM ST CDM ,Attacker
https://sofifa.com/player/237238/scott-mctominay/260031/,Scott McTominay,80.0,84.0,85.0,86.0,81.0,82.0,86.0,86.0,28,33130866,17.315975943568432,28+ (Veteran),CM CAM LM CDM ,Midfielder
https://sofifa.com/player/243812/rodrygo-silva-de-goes/260031/,Rodrygo Silva de Goes,87.0,78.0,79.0,88.0,39.0,59.0,84.0,87.0,24,36812074,17.421336474317926,22-27 (Peak Prime),LM RM ST LW ,Attacker
https://sofifa.com/player/279015/victor-froholdt/260031/,Victor Froholdt,77.0,69.0,80.0,77.0,78.0,67.0,78.0,88.0,19,22087244,16.910510850551933,U21 (Wonderkid),CM CDM CAM ,Midfielder
https://sofifa.com/player/271800/yankuba-minteh/260031/,Yankuba Minteh,94.0,75.0,74.0,85.0,60.0,47.0,80.0,86.0,20,29449659,17.198192923003713,U21 (Wonderkid),RM RW ,Attacker
https://sofifa.com/player/277839/nikola-krstovic/260031/,Nikola Krstović,67.0,80.0,69.0,70.0,18.0,81.0,76.0,79.0,25,18406037,16.72818932092298,22-27 (Peak Prime),ST ,Attacker
https://sofifa.com/player/276048/matias-fernandez-pardo/260031/,Matias Fernandez-Pardo,93.0,71.0,73.0,79.0,36.0,73.0,76.0,84.0,20,22087244,16.910510850551933,U21 (Wonderkid),LM RM ST LW ,Attacker
https://sofifa.com/player/240638/tijjani-reijnders/260031/,Tijjani Reijnders,75.0,78.0,87.0,84.0,77.0,69.0,85.0,86.0,26,44174489,17.60365803111188,22-27 (Peak Prime),CM CDM CAM ,Midfielder
https://sofifa.com/player/240753/amine-gouiri/260031/,Amine Gouiri,75.0,85.0,78.0,81.0,41.0,71.0,79.0,82.0,25,20614761,16.84151797906498,22-27 (Peak Prime),ST CAM ,Attacker
https://sofifa.com/player/238095/nikola-milenkovic/260031/,Nikola Milenković,53.0,38.0,73.0,60.0,83.0,90.0,81.0,82.0,27,22087244,16.910510850551933,22-27 (Peak Prime),CB ,Defender
https://sofifa.com/player/212198/bruno-miguel-borges-fernandes/260031/,Bruno Miguel Borges Fernandes,66.0,82.0,92.0,81.0,71.0,61.0,88.0,88.0,30,29449659,17.198192923003713,28+ (Veteran),CAM CM ,Midfielder
https://sofifa.com/player/254803/senne-lammens/260031/,Senne Lammens,45.0,10.0,40.0,15.0,15.0,79.0,80.0,87.0,22,22087244,16.910510850551933,22-27 (Peak Prime),GK ,Goalkeeper
https://sofifa.com/player/271619/erison-danilo-de-souza/230012/,Erison Danilo de Souza,61.0,72.0,62.0,67.0,19.0,80.0,70.0,76.0,23,17669795,16.687367299237724,22-27 (Peak Prime),ST ,Attacker
https://sofifa.com/player/256196/willian-pacho/260031/,Willian Pacho,85.0,30.0,78.0,52.0,90.0,89.0,87.0,90.0,23,51536904,17.757808710939138,22-27 (Peak Prime),CB ,Defender
https://sofifa.com/player/262621/giorgi-mamardashvili/260031/,Giorgi Mamardashvili,48.0,9.0,20.0,11.0,12.0,74.0,83.0,86.0,24,20614761,16.84151797906498,22-27 (Peak Prime),GK ,Goalkeeper
https://sofifa.com/player/220710/harry-wilson/260031/,Harry Wilson,76.0,78.0,78.0,80.0,45.0,53.0,79.0,79.0,28,18406037,16.72818932092298,28+ (Veteran),RM CAM RW ,Attacker
https://sofifa.com/player/264388/alberto-moleiro-gonzalez/260031/,Alberto Moleiro González,85.0,77.0,81.0,85.0,55.0,65.0,81.0,87.0,21,29449659,17.198192923003713,U21 (Wonderkid),LM CAM LW ,Attacker
https://sofifa.com/player/266096/tomas-lemos-araujo/260031/,Tomás Lemos Araújo,83.0,25.0,78.0,72.0,80.0,82.0,78.0,86.0,23,20614761,16.84151797906498,22-27 (Peak Prime),CB RB ,Defender
https://sofifa.com/player/260145/omari-hutchinson/260031/,Omari Hutchinson,79.0,73.0,71.0,79.0,57.0,51.0,76.0,84.0,21,22087244,16.910510850551933,U21 (Wonderkid),RM CAM RW ,Attacker
https://sofifa.com/player/276295/thierno-barry/260031/,Thierno Barry,82.0,76.0,76.0,75.0,18.0,79.0,76.0,84.0,22,22087244,16.910510850551933,22-27 (Peak Prime),ST ,Attacker
https://sofifa.com/player/224293/ruben-diogo-da-silva-neves/260031/,Rúben Diogo da Silva Neves,57.0,66.0,88.0,74.0,79.0,74.0,85.0,85.0,28,18406037,16.72818932092298,28+ (Veteran),CDM CM ,Midfielder
https://sofifa.com/player/279664/rayan-el-bahri/240050/,Rayan El Bahri,65.0,60.0,49.0,59.0,28.0,48.0,55.0,69.0,19,29449659,17.198192923003713,U21 (Wonderkid),RW ,Attacker
https://sofifa.com/player/254796/noni-madueke/260031/,Noni Madueke,88.0,75.0,76.0,85.0,45.0,67.0,80.0,84.0,23,36812074,17.421336474317926,22-27 (Peak Prime),RW RM ,Attacker
https://sofifa.com/player/269701/nathaniel-brown/260031/,Nathaniel Brown,79.0,57.0,79.0,80.0,76.0,41.0,79.0,85.0,22,25768452,17.064661549782763,22-27 (Peak Prime),LB LM ,Defender
https://sofifa.com/player/275771/igor-thiago-rodrigues/260031/,Igor Thiago Rodrigues,75.0,85.0,76.0,75.0,43.0,87.0,81.0,85.0,24,36812074,17.421336474317926,22-27 (Peak Prime),ST ,Attacker
https://sofifa.com/player/246430/dusan-vlahovic/260031/,Dušan Vlahović,78.0,82.0,75.0,78.0,26.0,87.0,81.0,84.0,25,25768452,17.064661549782763,22-27 (Peak Prime),ST ,Attacker
https://sofifa.com/player/278848/kevin-torres/250014/,Kevin Torres,76.0,55.0,64.0,59.0,35.0,62.0,62.0,71.0,22,22087244,16.910510850551933,22-27 (Peak Prime),RW ,Attacker
https://sofifa.com/player/264492/yeremay-hernandez-cubas/260031/,Yeremay Hernández Cubas,83.0,,,80.0,20.0,48.0,76.0,84.0,22,18406037,16.72818932092298,22-27 (Peak Prime),LM RM LW ,Attacker
https://sofifa.com/player/277954/kenan-yildiz/260031/,Kenan Yıldız,84.0,79.0,77.0,86.0,36.0,67.0,81.0,89.0,20,55218111,17.82680157337109,U21 (Wonderkid),CAM LM LW CM ,Attacker
https://sofifa.com/player/244067/maxence-lacroix/260031/,Maxence Lacroix,93.0,29.0,71.0,66.0,82.0,84.0,81.0,83.0,25,29449659,17.198192923003713,22-27 (Peak Prime),CB ,Defender
https://sofifa.com/player/228702/frenkie-de-jong/260031/,Frenkie de Jong,83.0,75.0,90.0,86.0,78.0,73.0,87.0,87.0,28,33130866,17.315975943568432,28+ (Veteran),CM CDM CAM ,Midfielder
https://sofifa.com/player/273831/kevin-palacios/250033/,Kevin Palacios,69.0,66.0,62.0,62.0,29.0,48.0,64.0,67.0,24,22087244,16.910510850551933,22-27 (Peak Prime),LM LW ,Attacker
https://sofifa.com/player/279373/gabriel-ardero/260030/,Gabriel Ardero,74.0,64.0,69.0,77.0,36.0,53.0,70.0,70.0,29,55218111,17.82680157337109,28+ (Veteran),CAM CM ,Midfielder
https://sofifa.com/player/77633/rayan-fofana/260031/,Rayan Fofana,88.0,73.0,62.0,68.0,31.0,64.0,72.0,82.0,19,29449659,17.198192923003713,U21 (Wonderkid),ST ,Attacker
https://sofifa.com/player/259532/joan-garcia-pons/260031/,Joan García Pons,44.0,6.0,51.0,17.0,13.0,59.0,86.0,89.0,24,29449659,17.198192923003713,22-27 (Peak Prime),GK ,Goalkeeper
https://sofifa.com/player/277031/abdukodir-khusanov/260031/,Abdukodir Khusanov,93.0,34.0,72.0,62.0,81.0,82.0,80.0,86.0,21,25768452,17.064661549782763,U21 (Wonderkid),CB ,Defender
https://sofifa.com/player/258601/mamadou-sangare/260031/,Mamadou Sangaré,78.0,61.0,82.0,79.0,81.0,64.0,79.0,86.0,23,22087244,16.910510850551933,22-27 (Peak Prime),CM CDM ,Midfielder
https://sofifa.com/player/257289/hugo-ekitike/260031/,Hugo Ekitiké,87.0,86.0,82.0,87.0,35.0,70.0,85.0,88.0,23,66261733,18.009123124128376,22-27 (Peak Prime),ST CAM ,Attacker
https://sofifa.com/player/76416/christian-kofane/260031/,Christian Kofane,79.0,76.0,69.0,74.0,28.0,69.0,76.0,86.0,18,29449659,17.198192923003713,U21 (Wonderkid),ST ,Attacker
https://sofifa.com/player/256853/malik-tillman/260031/,Malik Tillman,84.0,74.0,77.0,82.0,67.0,82.0,80.0,85.0,23,22087244,16.910510850551933,22-27 (Peak Prime),CAM CM LW ,Attacker
https://sofifa.com/player/279733/kevin-gonzalez/240050/,Kevin González,70.0,61.0,67.0,48.0,64.0,48.0,62.0,69.0,24,22087244,16.910510850551933,22-27 (Peak Prime),CDM ,Midfielder
https://sofifa.com/player/231447/donyell-malen/260031/,Donyell Malen,84.0,79.0,77.0,83.0,33.0,66.0,79.0,79.0,26,25768452,17.064661549782763,22-27 (Peak Prime),ST RM RW CAM ,Attacker
https://sofifa.com/player/273906/renato-palma-veiga/260031/,Renato Palma Veiga,83.0,50.0,78.0,72.0,77.0,82.0,78.0,83.0,21,18406037,16.72818932092298,U21 (Wonderkid),CB ,Defender
https://sofifa.com/player/234378/declan-rice/260031/,Declan Rice,73.0,64.0,87.0,82.0,86.0,79.0,88.0,89.0,26,88348978,18.296805200353074,22-27 (Peak Prime),CDM CM ,Midfielder
https://sofifa.com/player/274363/javier-guerra/260031/,Javier Guerra,71.0,27.0,55.0,54.0,59.0,52.0,60.0,71.0,21,18406037,16.72818932092298,U21 (Wonderkid),RB RM ,Defender
https://sofifa.com/player/235243/matthijs-de-ligt/260031/,Matthijs de Ligt,68.0,50.0,77.0,65.0,81.0,91.0,82.0,84.0,25,29449659,17.198192923003713,22-27 (Peak Prime),CB ,Defender
https://sofifa.com/player/260908/milos-kerkez/260031/,Milos Kerkez,87.0,53.0,77.0,77.0,78.0,75.0,81.0,85.0,21,29449659,17.198192923003713,U21 (Wonderkid),LB LM ,Defender
https://sofifa.com/player/247172/jhon-duran/260021/,Jhon Durán,85.0,82.0,69.0,76.0,33.0,83.0,79.0,85.0,21,18406037,16.72818932092298,U21 (Wonderkid),ST ,Attacker
https://sofifa.com/player/266127/lewis-hall/260031/,Lewis Hall,76.0,60.0,80.0,81.0,81.0,56.0,81.0,86.0,20,25768452,17.064661549782763,U21 (Wonderkid),LB LM ,Defender
https://sofifa.com/player/268896/hugo-larsson/260031/,Hugo Larsson,81.0,75.0,81.0,75.0,70.0,74.0,77.0,85.0,21,23559727,16.975049371689504,U21 (Wonderkid),CM CDM ,Midfielder
https://sofifa.com/player/72997/rodrigo-mora-de-carvalho/260031/,Rodrigo Mora de Carvalho,74.0,70.0,78.0,78.0,44.0,32.0,77.0,89.0,18,27977176,17.146899628616165,U21 (Wonderkid),CAM LW CM ST ,Attacker
https://sofifa.com/player/241707/pape-gueye/260031/,Pape Gueye,73.0,65.0,81.0,78.0,80.0,82.0,80.0,81.0,26,29449659,17.198192923003713,22-27 (Peak Prime),CM CDM ,Midfielder
https://sofifa.com/player/273748/joaquin-panichelli/260031/,Joaquín Panichelli,73.0,80.0,68.0,71.0,16.0,86.0,77.0,85.0,22,25768452,17.064661549782763,22-27 (Peak Prime),ST ,Attacker
https://sofifa.com/player/70966/jacobo-ramon-naveros/260031/,Jacobo Ramón Naveros,60.0,35.0,70.0,52.0,74.0,69.0,71.0,81.0,20,18406037,16.72818932092298,U21 (Wonderkid),CB ,Defender
https://sofifa.com/player/252154/marco-carnesecchi/260031/,Marco Carnesecchi,39.0,8.0,36.0,14.0,17.0,55.0,85.0,88.0,25,18406037,16.72818932092298,22-27 (Peak Prime),GK ,Goalkeeper
https://sofifa.com/player/239231/marc-cucurella-saseta/260031/,Marc Cucurella Saseta,77.0,61.0,82.0,78.0,85.0,70.0,85.0,86.0,26,36812074,17.421336474317926,22-27 (Peak Prime),LB CM ,Defender
https://sofifa.com/player/264293/habib-diarra/260031/,Habib Diarra,67.0,66.0,78.0,78.0,76.0,69.0,77.0,83.0,21,23559727,16.975049371689504,U21 (Wonderkid),CM CAM CDM ,Midfielder
https://sofifa.com/player/240690/nico-gonzalez/260031/,Nico Gonzalez,86.0,,,79.0,57.0,,79.0,79.0,27,33130866,17.315975943568432,22-27 (Peak Prime),LM RM CAM LW ,Attacker
https://sofifa.com/player/275192/luka-vuskovic/260031/,Luka Vušković,64.0,61.0,78.0,64.0,80.0,85.0,78.0,88.0,18,44174489,17.60365803111188,U21 (Wonderkid),CB ,Defender
https://sofifa.com/player/230872/mile-svilar/260031/,Mile Svilar,55.0,14.0,42.0,26.0,24.0,61.0,84.0,87.0,25,25768452,17.064661549782763,22-27 (Peak Prime),GK ,Goalkeeper
https://sofifa.com/player/241736/yann-aurel-bisseck/260031/,Yann Aurel Bisseck,76.0,54.0,73.0,73.0,76.0,83.0,76.0,80.0,24,29449659,17.198192923003713,22-27 (Peak Prime),CB ,Defender
https://sofifa.com/player/74483/honest-ahanor/260031/,Honest Ahanor,70.0,42.0,69.0,62.0,76.0,60.0,72.0,81.0,17,18406037,16.72818932092298,U21 (Wonderkid),LB CB ,Defender
https://sofifa.com/player/272449/pablo-barrios-rivas/260031/,Pablo Barrios Rivas,82.0,70.0,86.0,83.0,80.0,73.0,83.0,88.0,22,44174489,17.60365803111188,22-27 (Peak Prime),CM CDM ,Midfielder
https://sofifa.com/player/243014/bryan-mbeumo/260031/,Bryan Mbeumo,90.0,87.0,80.0,84.0,41.0,73.0,85.0,86.0,25,58899318,17.891340086585537,22-27 (Peak Prime),RW RM ST ,Attacker
https://sofifa.com/player/275298/aleksandar-pavlovic/260031/,Aleksandar Pavlović,59.0,66.0,87.0,78.0,76.0,76.0,81.0,87.0,21,55218111,17.82680157337109,U21 (Wonderkid),CDM CM ,Midfielder
https://sofifa.com/player/246191/julian-alvarez/260031/,Julián Alvarez,85.0,86.0,83.0,87.0,59.0,72.0,86.0,89.0,25,66261733,18.009123124128376,22-27 (Peak Prime),ST CAM ,Attacker
https://sofifa.com/player/71532/kees-smit/260031/,Kees Smit,58.0,60.0,77.0,80.0,65.0,64.0,74.0,88.0,19,18406037,16.72818932092298,U21 (Wonderkid),CAM CM CDM ,Midfielder
https://sofifa.com/player/245637/georginio-rutter/260031/,Georginio Rutter,77.0,76.0,76.0,80.0,67.0,76.0,77.0,83.0,23,22087244,16.910510850551933,22-27 (Peak Prime),CAM ST ,Attacker
https://sofifa.com/player/271574/rico-lewis/260031/,Rico Lewis,75.0,53.0,79.0,79.0,76.0,47.0,77.0,84.0,20,23559727,16.975049371689504,U21 (Wonderkid),RB LB CM ,Defender
https://sofifa.com/player/237692/phil-foden/260031/,Phil Foden,79.0,82.0,82.0,89.0,59.0,41.0,85.0,88.0,25,58899318,17.891340086585537,22-27 (Peak Prime),CAM CM RW ,Attacker
https://sofifa.com/player/243576/pedro-antonio-porro-sauceda/260031/,Pedro Antonio Porro Sauceda,78.0,68.0,80.0,80.0,79.0,68.0,82.0,85.0,25,29449659,17.198192923003713,22-27 (Peak Prime),RB RM ,Defender
https://sofifa.com/player/234742/harvey-barnes/260031/,Harvey Barnes,85.0,82.0,76.0,82.0,43.0,71.0,80.0,80.0,27,23559727,16.975049371689504,22-27 (Peak Prime),LW RW LM ,Attacker
https://sofifa.com/player/271571/gabriel-batista-de-souza/260031/,Gabriel Batista de Souza,35.0,10.0,52.0,19.0,13.0,64.0,72.0,76.0,27,55218111,17.82680157337109,22-27 (Peak Prime),GK ,Goalkeeper
https://sofifa.com/player/235212/achraf-hakimi/260031/,Achraf Hakimi,95.0,80.0,86.0,82.0,85.0,72.0,89.0,90.0,26,58899318,17.891340086585537,22-27 (Peak Prime),RB RM ,Defender
https://sofifa.com/player/267991/maximo-perrone/260031/,Máximo Perrone,72.0,54.0,80.0,76.0,69.0,59.0,75.0,84.0,22,22087244,16.910510850551933,22-27 (Peak Prime),CDM CM CB ,Defender
https://sofifa.com/player/238616/pedro-lomba-neto/260031/,Pedro Lomba Neto,90.0,77.0,78.0,83.0,40.0,65.0,82.0,83.0,25,44174489,17.60365803111188,22-27 (Peak Prime),RM LM RW ,Attacker
https://sofifa.com/player/246420/jeremy-doku/260031/,Jérémy Doku,89.0,72.0,79.0,91.0,30.0,76.0,83.0,86.0,23,47855696,17.68370072833734,22-27 (Peak Prime),LW RW LM ,Attacker
https://sofifa.com/player/228093/marcus-thuram/260031/,Marcus Thuram,88.0,85.0,78.0,84.0,48.0,81.0,85.0,85.0,27,36812074,17.421336474317926,22-27 (Peak Prime),ST ,Attacker
https://sofifa.com/player/277909/eli-junior-kroupi/260031/,Eli Junior Kroupi,80.0,80.0,76.0,80.0,54.0,59.0,78.0,86.0,19,29449659,17.198192923003713,U21 (Wonderkid),ST CAM ,Attacker
https://sofifa.com/player/266039/marc-pubill-pages/260031/,Marc Pubill Pagès,83.0,52.0,,71.0,76.0,82.0,78.0,86.0,22,20614761,16.84151797906498,22-27 (Peak Prime),CB RB RM ,Defender
https://sofifa.com/player/240243/matheus-santos-carneiro-da-cunha/260031/,Matheus Santos Carneiro da Cunha,77.0,85.0,81.0,85.0,41.0,73.0,83.0,85.0,26,51536904,17.757808710939138,22-27 (Peak Prime),CAM LM ST ,Attacker
https://sofifa.com/player/265459/tyler-morton/260031/,Tyler Morton,65.0,61.0,81.0,77.0,75.0,63.0,78.0,84.0,22,18406037,16.72818932092298,22-27 (Peak Prime),CDM CM ,Midfielder
https://sofifa.com/player/272753/kevin-lopez/260021/,Kevin Lopez,68.0,58.0,75.0,67.0,65.0,58.0,69.0,72.0,23,22087244,16.910510850551933,22-27 (Peak Prime),CM CDM ,Midfielder
https://sofifa.com/player/227796/christian-pulisic/260031/,Christian Pulisic,86.0,85.0,81.0,85.0,42.0,57.0,85.0,85.0,26,36812074,17.421336474317926,22-27 (Peak Prime),RW RM ST ,Attacker
https://sofifa.com/player/268804/mario-gila-fuentes/260031/,Mario Gila Fuentes,87.0,48.0,78.0,72.0,79.0,75.0,81.0,84.0,24,22087244,16.910510850551933,22-27 (Peak Prime),CB ,Defender
https://sofifa.com/player/253124/matheus-luiz-nunes/260031/,Matheus Luiz Nunes,91.0,69.0,81.0,79.0,78.0,74.0,81.0,82.0,26,33130866,17.315975943568432,22-27 (Peak Prime),RB CM RM ,Defender
https://sofifa.com/player/277661/andre-seruca-de-oliveira/260026/,André Seruca de Oliveira,54.0,30.0,59.0,54.0,63.0,80.0,61.0,66.0,24,18406037,16.72818932092298,22-27 (Peak Prime),CDM CM ,Midfielder
https://sofifa.com/player/257191/anton-stach/260031/,Anton Stach,71.0,65.0,78.0,76.0,79.0,79.0,79.0,80.0,26,18406037,16.72818932092298,22-27 (Peak Prime),CM CDM ,Midfielder
https://sofifa.com/player/225375/konrad-laimer/260031/,Konrad Laimer,82.0,69.0,82.0,74.0,81.0,69.0,83.0,83.0,28,23559727,16.975049371689504,28+ (Veteran),RB CDM LB RM ,Defender
https://sofifa.com/player/84249/rayan-zinebi-talbi/260031/,Rayan Zinebi Talbi,63.0,61.0,55.0,57.0,12.0,70.0,59.0,77.0,18,29449659,17.198192923003713,U21 (Wonderkid),ST ,Attacker
https://sofifa.com/player/260247/morgan-rogers/260031/,Morgan Rogers,79.0,81.0,84.0,86.0,72.0,79.0,84.0,86.0,22,58899318,17.891340086585537,22-27 (Peak Prime),CAM LM CM ,Midfielder
https://sofifa.com/player/248484/nathan-collins/260031/,Nathan Collins,68.0,29.0,70.0,64.0,79.0,83.0,79.0,82.0,24,22087244,16.910510850551933,22-27 (Peak Prime),CB ,Defender
https://sofifa.com/player/236610/moise-kean/260031/,Moise Kean,87.0,88.0,68.0,82.0,36.0,72.0,83.0,86.0,25,29449659,17.198192923003713,22-27 (Peak Prime),ST ,Attacker
https://sofifa.com/player/277148/diogo-miguel-costa-rodrigues/260031/,Diogo Miguel Costa Rodrigues,66.0,26.0,61.0,63.0,65.0,60.0,65.0,68.0,25,29449659,17.198192923003713,22-27 (Peak Prime),RB LB RM ,Defender
https://sofifa.com/player/252371/jude-bellingham/260031/,Jude Bellingham,80.0,86.0,89.0,90.0,80.0,80.0,89.0,93.0,22,103073808,18.4509558817973,22-27 (Peak Prime),CAM CM LM ,Midfielder
https://sofifa.com/player/240130/eder-gabriel-militao/260031/,Éder Gabriel Militão,83.0,48.0,78.0,70.0,85.0,79.0,84.0,86.0,27,55218111,17.82680157337109,22-27 (Peak Prime),CB ,Defender
https://sofifa.com/player/241236/antoine-semenyo/260031/,Antoine Semenyo,82.0,86.0,80.0,85.0,44.0,79.0,84.0,85.0,25,55218111,17.82680157337109,22-27 (Peak Prime),RW LW RM ,Attacker
https://sofifa.com/player/278901/ayyoub-bouaddi/260031/,Ayyoub Bouaddi,74.0,55.0,81.0,77.0,77.0,75.0,78.0,86.0,17,36812074,17.421336474317926,U21 (Wonderkid),CDM CM ,Midfielder
https://sofifa.com/player/261299/alex-scott/260031/,Alex Scott,70.0,66.0,81.0,80.0,76.0,65.0,79.0,85.0,21,29449659,17.198192923003713,U21 (Wonderkid),CDM CM CAM ,Midfielder
https://sofifa.com/player/212622/joshua-kimmich/260031/,Joshua Kimmich,70.0,68.0,89.0,82.0,86.0,69.0,89.0,89.0,30,29449659,17.198192923003713,28+ (Veteran),CDM RB CM ,Defender
https://sofifa.com/player/247090/enzo-fernandez/260031/,Enzo Fernández,68.0,76.0,88.0,80.0,75.0,67.0,85.0,88.0,24,66261733,18.009123124128376,22-27 (Peak Prime),CM CDM CAM ,Midfielder
https://sofifa.com/player/273106/danilo-santos-de-oliveira/250044/,Danilo Santos de Oliveira,68.0,64.0,77.0,69.0,75.0,60.0,76.0,80.0,23,17669795,16.687367299237724,22-27 (Peak Prime),CDM CM ,Midfielder
https://sofifa.com/player/73885/charalampos-kostoulas/260031/,Charalampos Kostoulas,87.0,74.0,71.0,75.0,41.0,79.0,73.0,85.0,18,18406037,16.72818932092298,U21 (Wonderkid),ST CAM RM ,Attacker
https://sofifa.com/player/271421/desire-doue/260031/,Désiré Doué,82.0,78.0,81.0,91.0,60.0,77.0,85.0,91.0,20,66261733,18.009123124128376,U21 (Wonderkid),RW LW CM RM ,Attacker
https://sofifa.com/player/256197/piero-hincapie/260031/,Piero Hincapié,88.0,41.0,78.0,70.0,85.0,77.0,83.0,87.0,23,36812074,17.421336474317926,22-27 (Peak Prime),CB LB ,Defender
https://sofifa.com/player/259197/nicolas-jackson/260031/,Nicolas Jackson,83.0,81.0,77.0,81.0,40.0,77.0,79.0,82.0,24,29449659,17.198192923003713,22-27 (Peak Prime),ST ,Attacker
https://sofifa.com/player/73078/kaishu-sano/260031/,Kaishū Sano,81.0,47.0,77.0,80.0,79.0,66.0,80.0,83.0,24,18406037,16.72818932092298,22-27 (Peak Prime),CDM CM ,Midfielder
https://sofifa.com/player/243245/orkun-kokcu/260031/,Orkun Kökçü,69.0,78.0,84.0,78.0,74.0,75.0,82.0,86.0,24,18406037,16.72818932092298,22-27 (Peak Prime),CM CAM CDM ,Midfielder
https://sofifa.com/player/226271/fabian-ruiz-pena/260031/,Fabián Ruiz Peña,61.0,76.0,85.0,82.0,79.0,67.0,85.0,85.0,29,29449659,17.198192923003713,28+ (Veteran),CM CDM ,Midfielder
https://sofifa.com/player/252145/nuno-alexandre-tavares-mendes/260031/,Nuno Alexandre Tavares Mendes,95.0,74.0,82.0,86.0,87.0,73.0,88.0,91.0,23,55218111,17.82680157337109,22-27 (Peak Prime),LB LM ,Defender
https://sofifa.com/player/246104/ryan-gravenberch/260031/,Ryan Gravenberch,76.0,78.0,86.0,88.0,82.0,80.0,86.0,89.0,23,66261733,18.009123124128376,22-27 (Peak Prime),CDM CM ,Midfielder
https://sofifa.com/player/274246/lewis-miley/260031/,Lewis Miley,67.0,64.0,79.0,75.0,75.0,73.0,76.0,86.0,19,18406037,16.72818932092298,U21 (Wonderkid),CM RB CDM ,Defender
https://sofifa.com/player/247103/david-hancko/260031/,Dávid Hancko,80.0,64.0,80.0,73.0,84.0,87.0,83.0,83.0,27,25768452,17.064661549782763,22-27 (Peak Prime),LB CB CDM ,Defender
https://sofifa.com/player/231747/kylian-mbappe/260031/,Kylian Mbappé,96.0,94.0,87.0,92.0,34.0,77.0,91.0,92.0,26,147248297,18.807630821855316,22-27 (Peak Prime),ST LW LM ,Attacker
https://sofifa.com/player/269278/diego-gomez/260031/,Diego Gómez,73.0,74.0,79.0,79.0,73.0,75.0,77.0,84.0,22,18406037,16.72818932092298,22-27 (Peak Prime),CDM CAM LM CM ,Midfielder
https://sofifa.com/player/241096/sandro-tonali/260031/,Sandro Tonali,79.0,69.0,86.0,78.0,82.0,82.0,85.0,87.0,25,58899318,17.891340086585537,22-27 (Peak Prime),CDM CM ,Midfielder
https://sofifa.com/player/256079/moises-caicedo/260031/,Moisés Caicedo,66.0,59.0,86.0,79.0,87.0,77.0,88.0,90.0,23,80986563,18.20979382233447,22-27 (Peak Prime),CDM CM ,Midfielder
https://sofifa.com/player/278349/dean-huijsen/260031/,Dean Huijsen,74.0,44.0,84.0,73.0,82.0,78.0,81.0,88.0,20,47855696,17.68370072833734,U21 (Wonderkid),CB ,Defender
https://sofifa.com/player/70824/giovanni-leoni/260031/,Giovanni Leoni,54.0,25.0,61.0,45.0,72.0,70.0,69.0,82.0,18,18406037,16.72818932092298,U21 (Wonderkid),CB ,Defender
https://sofifa.com/player/234577/diogo-meireles-costa/260031/,Diogo Meireles Costa,39.0,6.0,50.0,18.0,13.0,63.0,84.0,89.0,25,29449659,17.198192923003713,22-27 (Peak Prime),GK ,Goalkeeper
https://sofifa.com/player/237681/takefusa-kubo/260031/,Takefusa Kubo,84.0,77.0,77.0,85.0,51.0,60.0,81.0,85.0,24,22087244,16.910510850551933,22-27 (Peak Prime),RM RW ,Attacker
https://sofifa.com/player/250954/chris-richards/260031/,Chris Richards,67.0,23.0,72.0,62.0,81.0,80.0,79.0,81.0,25,18406037,16.72818932092298,22-27 (Peak Prime),CB ,Defender
https://sofifa.com/player/256790/jamal-musiala/260031/,Jamal Musiala,75.0,86.0,87.0,94.0,66.0,61.0,88.0,92.0,22,88348978,18.296805200353074,22-27 (Peak Prime),CAM LM CM ST ,Attacker
https://sofifa.com/player/264309/arda-guler/260031/,Arda Güler,73.0,76.0,84.0,85.0,57.0,43.0,82.0,89.0,20,66261733,18.009123124128376,U21 (Wonderkid),RM CAM CM RW ,Attacker
https://sofifa.com/player/78063/lennart-karl/260031/,Lennart Karl,68.0,72.0,74.0,83.0,32.0,34.0,75.0,88.0,17,44174489,17.60365803111188,U21 (Wonderkid),CAM RM ST ,Attacker
https://sofifa.com/player/232580/gabriel-dos-s-magalhaes/260031/,Gabriel dos S. Magalhães,67.0,37.0,79.0,64.0,88.0,89.0,89.0,90.0,27,55218111,17.82680157337109,22-27 (Peak Prime),CB ,Defender
https://sofifa.com/player/276278/petar-sucic/260031/,Petar Sučić,71.0,71.0,75.0,80.0,64.0,68.0,76.0,83.0,21,22087244,16.910510850551933,U21 (Wonderkid),CM CDM ,Midfielder
https://sofifa.com/player/262394/sam-beukema/260031/,Sam Beukema,54.0,50.0,73.0,59.0,78.0,74.0,77.0,80.0,26,18406037,16.72818932092298,22-27 (Peak Prime),CB ,Defender
https://sofifa.com/player/275138/lamine-camara/260031/,Lamine Camara,76.0,65.0,83.0,78.0,76.0,66.0,79.0,85.0,21,25768452,17.064661549782763,U21 (Wonderkid),CM CDM ,Midfielder
https://sofifa.com/player/251470/charles-de-ketelaere/260031/,Charles De Ketelaere,71.0,78.0,83.0,86.0,59.0,69.0,82.0,86.0,24,25768452,17.064661549782763,22-27 (Peak Prime),CAM ST CM ,Attacker
https://sofifa.com/player/247649/jarrad-branthwaite/260031/,Jarrad Branthwaite,75.0,35.0,78.0,57.0,81.0,82.0,79.0,85.0,23,33130866,17.315975943568432,22-27 (Peak Prime),CB ,Defender
https://sofifa.com/player/278339/marco-palestra/260031/,Marco Palestra,88.0,62.0,71.0,78.0,67.0,70.0,74.0,84.0,20,22087244,16.910510850551933,U21 (Wonderkid),RB RM ,Defender
https://sofifa.com/player/232293/victor-osimhen/260031/,Victor Osimhen,92.0,88.0,72.0,80.0,49.0,91.0,87.0,88.0,26,55218111,17.82680157337109,22-27 (Peak Prime),ST ,Attacker
https://sofifa.com/player/262042/maxime-esteve/260031/,Maxime Estève,77.0,35.0,69.0,63.0,77.0,85.0,76.0,82.0,23,18406037,16.72818932092298,22-27 (Peak Prime),CB ,Defender
https://sofifa.com/player/257084/lesley-ugochukwu/260031/,Lesley Ugochukwu,65.0,61.0,75.0,74.0,76.0,79.0,76.0,82.0,21,18406037,16.72818932092298,U21 (Wonderkid),CDM CM CAM ,Midfielder
https://sofifa.com/player/73884/christos-mouzakitis/260031/,Christos Mouzakitis,68.0,59.0,77.0,72.0,62.0,63.0,73.0,86.0,18,18406037,16.72818932092298,U21 (Wonderkid),CM CAM CDM ,Midfielder
https://sofifa.com/player/247819/nico-schlotterbeck/260031/,Nico Schlotterbeck,72.0,51.0,81.0,74.0,88.0,87.0,86.0,88.0,25,40493281,17.51664664177452,22-27 (Peak Prime),CB ,Defender
https://sofifa.com/player/277295/oscar-bobb/260031/,Oscar Bobb,79.0,67.0,76.0,82.0,34.0,34.0,76.0,84.0,21,22087244,16.910510850551933,U21 (Wonderkid),RM LM RW ,Attacker
https://sofifa.com/player/70571/kevin-santos/260031/,Kevin Santos,81.0,69.0,70.0,85.0,34.0,56.0,76.0,81.0,22,22087244,16.910510850551933,22-27 (Peak Prime),LM LW RW ,Attacker
https://sofifa.com/player/221697/ollie-watkins/260031/,Ollie Watkins,77.0,84.0,77.0,78.0,46.0,76.0,82.0,82.0,29,22087244,16.910510850551933,28+ (Veteran),ST ,Attacker
https://sofifa.com/player/80170/wesley-vinicius-franca-lima/260031/,Wesley Vinícius França Lima,88.0,62.0,77.0,80.0,76.0,74.0,78.0,85.0,21,29449659,17.198192923003713,U21 (Wonderkid),RM LM RB RW ,Defender
https://sofifa.com/player/246669/bukayo-saka/260031/,Bukayo Saka,81.0,82.0,85.0,86.0,62.0,74.0,87.0,89.0,23,88348978,18.296805200353074,22-27 (Peak Prime),RW RM ,Attacker
https://sofifa.com/player/236015/morgan-gibbs-white/260031/,Morgan Gibbs-White,75.0,77.0,84.0,83.0,60.0,68.0,81.0,83.0,25,44174489,17.60365803111188,22-27 (Peak Prime),CAM CM ,Midfielder
https://sofifa.com/player/264298/conor-bradley/260031/,Conor Bradley,82.0,62.0,75.0,75.0,78.0,65.0,79.0,84.0,21,22087244,16.910510850551933,U21 (Wonderkid),RB RM ,Defender
https://sofifa.com/player/270086/antonio-joao-tavares-silva/260031/,António João Tavares Silva,79.0,31.0,76.0,69.0,79.0,83.0,77.0,85.0,21,20614761,16.84151797906498,U21 (Wonderkid),CB ,Defender
https://sofifa.com/player/257470/anthony-elanga/260031/,Anthony Elanga,91.0,72.0,74.0,81.0,38.0,72.0,79.0,82.0,23,29449659,17.198192923003713,22-27 (Peak Prime),RW RM ,Attacker
https://sofifa.com/player/260561/kevin-lomonaco/260031/,Kevin Lomónaco,72.0,47.0,73.0,68.0,74.0,74.0,74.0,80.0,23,22087244,16.910510850551933,22-27 (Peak Prime),CB ,Defender
https://sofifa.com/player/254840/strahinja-pavlovic/260031/,Strahinja Pavlović,78.0,43.0,68.0,70.0,74.0,83.0,77.0,83.0,24,25768452,17.064661549782763,22-27 (Peak Prime),CB ,Defender
https://sofifa.com/player/275048/chemsdine-talbi/260031/,Chemsdine Talbi,88.0,69.0,70.0,80.0,37.0,55.0,76.0,86.0,20,18406037,16.72818932092298,U21 (Wonderkid),RW RM LM ,Attacker
https://sofifa.com/player/76687/estevao-willian-almeida/260031/,Estêvão Willian Almeida,89.0,74.0,75.0,84.0,34.0,49.0,79.0,89.0,18,58899318,17.891340086585537,U21 (Wonderkid),RM RW ,Attacker
https://sofifa.com/player/237646/daniel-munoz/260031/,Daniel Muñoz,79.0,72.0,79.0,76.0,82.0,74.0,82.0,82.0,29,19878520,16.805150360046884,28+ (Veteran),RB RM ,Defender
https://sofifa.com/player/227678/ezri-konsa/260031/,Ezri Konsa,78.0,55.0,80.0,74.0,87.0,80.0,84.0,85.0,27,29449659,17.198192923003713,22-27 (Peak Prime),CB ,Defender
https://sofifa.com/player/271344/kevin-ortiz/260031/,Kevin Ortiz,70.0,65.0,69.0,72.0,70.0,69.0,70.0,71.0,24,22087244,16.910510850551933,22-27 (Peak Prime),CM CDM ,Midfielder
https://sofifa.com/player/278025/andre-luiz-inacio-da-silva/260031/,André Luiz Inácio da Silva,89.0,65.0,63.0,78.0,13.0,65.0,71.0,77.0,23,18406037,16.72818932092298,22-27 (Peak Prime),RM RW LW ,Attacker
https://sofifa.com/player/276969/leon-avdullahu/260031/,Leon Avdullahu,57.0,54.0,81.0,73.0,69.0,68.0,76.0,83.0,21,18406037,16.72818932092298,U21 (Wonderkid),CDM CM CB ,Defender
https://sofifa.com/player/277179/fermin-lopez-marin/260031/,Fermín López Marín,76.0,81.0,81.0,82.0,74.0,59.0,83.0,87.0,22,73624148,18.11448364129537,22-27 (Peak Prime),CAM CM ST ,Attacker
https://sofifa.com/player/264862/maghnes-akliouche/260031/,Maghnes Akliouche,74.0,74.0,80.0,84.0,52.0,58.0,80.0,86.0,23,36812074,17.421336474317926,22-27 (Peak Prime),CAM RM ST ,Attacker
https://sofifa.com/player/244669/morten-hjulmand/260031/,Morten Hjulmand,71.0,76.0,81.0,76.0,82.0,81.0,83.0,86.0,26,33130866,17.315975943568432,22-27 (Peak Prime),CDM CM ,Midfielder
https://sofifa.com/player/245037/eric-garcia-martret/260031/,Eric García Martret,81.0,60.0,85.0,73.0,86.0,79.0,83.0,86.0,24,25768452,17.064661549782763,22-27 (Peak Prime),CB RB CDM RM ,Defender
https://sofifa.com/player/271668/xavier-simons/260031/,Xavier Simons,69.0,47.0,67.0,64.0,65.0,70.0,67.0,76.0,22,36812074,17.421336474317926,22-27 (Peak Prime),CDM CM ,Midfielder
https://sofifa.com/player/270608/yehor-yarmoliuk/260031/,Yehor Yarmoliuk,65.0,64.0,78.0,77.0,77.0,68.0,77.0,83.0,21,22087244,16.910510850551933,U21 (Wonderkid),CDM CM ,Midfielder
https://sofifa.com/player/265695/matias-soule/260031/,Matías Soulé,80.0,76.0,78.0,82.0,40.0,55.0,79.0,85.0,22,25768452,17.064661549782763,22-27 (Peak Prime),CAM ST ,Attacker
https://sofifa.com/player/254022/nick-woltemade/260031/,Nick Woltemade,69.0,82.0,80.0,85.0,44.0,83.0,80.0,85.0,23,47855696,17.68370072833734,22-27 (Peak Prime),ST CM ,Attacker
https://sofifa.com/player/251387/luis-diaz/260001/,Luis Díaz,90.0,55.0,62.0,72.0,33.0,62.0,66.0,67.0,26,51536904,17.757808710939138,22-27 (Peak Prime),RM RW ,Attacker
https://sofifa.com/player/262863/antonio-nusa/260031/,Antonio Nusa,86.0,73.0,71.0,82.0,47.0,59.0,78.0,88.0,20,23559727,16.975049371689504,U21 (Wonderkid),LW LM CAM ,Attacker
https://sofifa.com/player/264652/bradley-barcola/260031/,Bradley Barcola,94.0,80.0,83.0,86.0,39.0,64.0,84.0,88.0,22,51536904,17.757808710939138,22-27 (Peak Prime),LW RW LM ,Attacker
https://sofifa.com/player/239380/noa-lang/260031/,Noa Lang,76.0,80.0,77.0,84.0,51.0,60.0,80.0,81.0,26,18406037,16.72818932092298,22-27 (Peak Prime),LW LM ,Attacker
https://sofifa.com/player/278340/pietro-comuzzo/260031/,Pietro Comuzzo,61.0,30.0,65.0,48.0,77.0,66.0,75.0,86.0,20,16933554,16.6448077143461,U21 (Wonderkid),CB ,Defender
https://sofifa.com/player/241651/viktor-gyokeres/260031/,Viktor Gyökeres,88.0,88.0,77.0,78.0,42.0,91.0,86.0,87.0,27,47855696,17.68370072833734,22-27 (Peak Prime),ST ,Attacker
https://sofifa.com/player/250959/angelo-stiller/260031/,Angelo Stiller,47.0,52.0,88.0,83.0,78.0,67.0,83.0,87.0,24,33130866,17.315975943568432,22-27 (Peak Prime),CDM CM ,Midfielder
https://sofifa.com/player/250753/anatoliy-trubin/260031/,Anatoliy Trubin,38.0,9.0,37.0,13.0,11.0,69.0,80.0,87.0,23,18406037,16.72818932092298,22-27 (Peak Prime),GK ,Goalkeeper
https://sofifa.com/player/241508/mikkel-damsgaard/260031/,Mikkel Damsgaard,66.0,74.0,83.0,81.0,74.0,62.0,80.0,83.0,24,22087244,16.910510850551933,22-27 (Peak Prime),CAM CM LW ,Attacker
https://sofifa.com/player/274915/el-hadji-malick-diouf/260031/,El Hadji Malick Diouf,83.0,67.0,73.0,78.0,73.0,79.0,78.0,84.0,20,20614761,16.84151797906498,U21 (Wonderkid),LB LM ,Defender
https://sofifa.com/player/231207/jhon-lucumi/260031/,Jhon Lucumí,67.0,24.0,74.0,58.0,78.0,81.0,76.0,78.0,27,18406037,16.72818932092298,22-27 (Peak Prime),CB ,Defender
https://sofifa.com/player/242444/joao-felix-sequeira/260031/,João Félix Sequeira,75.0,81.0,80.0,83.0,47.0,60.0,81.0,84.0,25,18406037,16.72818932092298,22-27 (Peak Prime),CAM ST LM ,Attacker
https://sofifa.com/player/268421/mathys-tel/260031/,Mathys Tel,87.0,79.0,68.0,81.0,27.0,67.0,77.0,85.0,20,18406037,16.72818932092298,U21 (Wonderkid),ST LW LM CAM ,Attacker
https://sofifa.com/player/278846/andre-morales/240050/,André Morales,82.0,59.0,60.0,64.0,29.0,45.0,62.0,68.0,23,18406037,16.72818932092298,22-27 (Peak Prime),RW ,Attacker
https://sofifa.com/player/269136/kobbie-mainoo/260031/,Kobbie Mainoo,66.0,73.0,80.0,82.0,78.0,73.0,78.0,85.0,20,36812074,17.421336474317926,U21 (Wonderkid),CDM CM ,Midfielder
https://sofifa.com/player/242664/alexis-saelemaekers/260031/,Alexis Saelemaekers,77.0,68.0,80.0,84.0,71.0,54.0,80.0,80.0,26,18406037,16.72818932092298,22-27 (Peak Prime),RM LM RB RW ,Defender
https://sofifa.com/player/239085/erling-haaland/260031/,Erling Haaland,92.0,96.0,78.0,79.0,47.0,93.0,91.0,93.0,24,147248297,18.807630821855316,22-27 (Peak Prime),ST ,Attacker
https://sofifa.com/player/264697/mohamed-amoura/260031/,Mohamed Amoura,87.0,83.0,77.0,85.0,48.0,45.0,80.0,84.0,25,19878520,16.805150360046884,22-27 (Peak Prime),ST LW LM CAM ,Attacker
https://sofifa.com/player/275631/kevin-radulovic/260031/,Kevin Radulović,22.0,6.0,17.0,5.0,13.0,41.0,55.0,65.0,23,22087244,16.910510850551933,22-27 (Peak Prime),GK ,Goalkeeper
https://sofifa.com/player/74449/ibrahim-mbaye/260031/,Ibrahim Mbaye,88.0,63.0,67.0,79.0,29.0,48.0,74.0,85.0,17,22087244,16.910510850551933,U21 (Wonderkid),RW LW RM ,Attacker
https://sofifa.com/player/252448/jamie-leweling/260031/,Jamie Leweling,84.0,69.0,73.0,84.0,46.0,76.0,78.0,81.0,24,29449659,17.198192923003713,22-27 (Peak Prime),RM LM CAM RW ,Attacker
https://sofifa.com/player/272775/rayan-berberi/240032/,Rayan Berberi,75.0,45.0,55.0,64.0,40.0,33.0,58.0,72.0,19,29449659,17.198192923003713,U21 (Wonderkid),CAM CM ,Midfielder
https://sofifa.com/player/70497/konstantinos-karetsas/260031/,Konstantinos Karetsas,69.0,70.0,76.0,80.0,31.0,49.0,74.0,86.0,17,25768452,17.064661549782763,U21 (Wonderkid),CAM RW CM ,Attacker
https://sofifa.com/player/240950/pedro-antonio-pereira-goncalves/260031/,Pedro António Pereira Gonçalves,75.0,84.0,84.0,84.0,65.0,62.0,83.0,83.0,27,20614761,16.84151797906498,22-27 (Peak Prime),LM CAM LW ,Attacker
https://sofifa.com/player/278903/jeremy-jacquet/260031/,Jérémy Jacquet,70.0,36.0,73.0,60.0,78.0,81.0,76.0,85.0,19,40493281,17.51664664177452,U21 (Wonderkid),CB ,Defender
https://sofifa.com/player/245367/xavi-simons/260031/,Xavi Simons,72.0,79.0,82.0,86.0,62.0,62.0,82.0,85.0,22,36812074,17.421336474317926,22-27 (Peak Prime),CAM LM LW ST ,Attacker
https://sofifa.com/player/224232/nicolo-barella/260031/,Nicolò Barella,78.0,77.0,88.0,85.0,85.0,68.0,88.0,88.0,28,36812074,17.421336474317926,28+ (Veteran),CM CDM ,Midfielder
https://sofifa.com/player/215698/mike-maignan/260031/,Mike Maignan,62.0,15.0,64.0,30.0,18.0,83.0,87.0,88.0,29,18406037,16.72818932092298,28+ (Veteran),GK ,Goalkeeper
https://sofifa.com/player/278016/murillo-costa-dos-santos/260031/,Murillo Costa dos Santos,78.0,33.0,75.0,69.0,82.0,90.0,82.0,86.0,22,36812074,17.421336474317926,22-27 (Peak Prime),CB ,Defender
https://sofifa.com/player/241461/ferran-torres-garcia/260031/,Ferran Torres García,82.0,86.0,82.0,83.0,36.0,76.0,84.0,86.0,25,36812074,17.421336474317926,22-27 (Peak Prime),ST ,Attacker
https://sofifa.com/player/266866/ederson-jose-dos-santos/260031/,Éderson José dos Santos,78.0,72.0,84.0,81.0,84.0,77.0,82.0,85.0,25,29449659,17.198192923003713,22-27 (Peak Prime),CM CDM ,Midfielder
https://sofifa.com/player/83494/rayan-vitor-simplicio-rocha/260031/,Rayan Vitor Simplício Rocha,82.0,77.0,75.0,79.0,35.0,79.0,77.0,87.0,18,29449659,17.198192923003713,U21 (Wonderkid),RM ST RW ,Attacker
https://sofifa.com/player/258908/jan-paul-van-hecke/260031/,Jan Paul van Hecke,68.0,35.0,81.0,70.0,80.0,79.0,80.0,83.0,25,25768452,17.064661549782763,22-27 (Peak Prime),CB ,Defender
https://sofifa.com/player/277658/rayan-kolli/260031/,Rayan Kolli,77.0,67.0,62.0,66.0,29.0,58.0,65.0,77.0,20,29449659,17.198192923003713,U21 (Wonderkid),ST LM LW ,Attacker
https://sofifa.com/player/250955/josip-stanisic/260031/,Josip Stanišić,77.0,44.0,75.0,68.0,80.0,76.0,79.0,82.0,25,25768452,17.064661549782763,22-27 (Peak Prime),RB CB LB RM ,Defender
https://sofifa.com/player/243657/james-garner/260031/,James Garner,55.0,63.0,81.0,77.0,80.0,70.0,80.0,84.0,24,25768452,17.064661549782763,22-27 (Peak Prime),CDM CM ,Midfielder
https://sofifa.com/player/231410/brahim-diaz/260031/,Brahim Díaz,82.0,75.0,82.0,84.0,29.0,58.0,81.0,82.0,25,25768452,17.064661549782763,22-27 (Peak Prime),RM LM CAM RW ,Attacker
https://sofifa.com/player/256948/christos-tzolis/260031/,Christos Tzolis,79.0,80.0,79.0,84.0,39.0,63.0,81.0,87.0,23,22087244,16.910510850551933,22-27 (Peak Prime),LM LW ,Attacker
https://sofifa.com/player/71418/bazoumana-toure/260031/,Bazoumana Touré,92.0,66.0,70.0,83.0,35.0,50.0,75.0,86.0,19,25768452,17.064661549782763,U21 (Wonderkid),LM CAM LW ,Attacker
https://sofifa.com/player/224371/jarrod-bowen/260031/,Jarrod Bowen,74.0,84.0,80.0,82.0,41.0,66.0,83.0,83.0,28,25768452,17.064661549782763,28+ (Veteran),RM ST RW ,Attacker
https://sofifa.com/player/269087/leny-yoro/260031/,Leny Yoro,72.0,38.0,75.0,60.0,82.0,75.0,78.0,86.0,19,36812074,17.421336474317926,U21 (Wonderkid),CB ,Defender
https://sofifa.com/player/225193/mikel-merino-zazon/260031/,Mikel Merino Zazón,63.0,80.0,84.0,82.0,82.0,78.0,83.0,83.0,29,22087244,16.910510850551933,28+ (Veteran),CM ST CDM ,Attacker
https://sofifa.com/player/278318/aleksandar-stankovic/260031/,Aleksandar Stanković,66.0,62.0,74.0,65.0,69.0,65.0,72.0,85.0,19,18406037,16.72818932092298,U21 (Wonderkid),CDM CM CB ,Defender
https://sofifa.com/player/241852/moussa-diaby/260031/,Moussa Diaby,95.0,73.0,79.0,86.0,36.0,37.0,83.0,84.0,25,20614761,16.84151797906498,22-27 (Peak Prime),RM RW ,Attacker
https://sofifa.com/player/277934/kevin-miranda/260001/,Kevin Miranda,54.0,27.0,61.0,30.0,69.0,69.0,63.0,72.0,22,22087244,16.910510850551933,22-27 (Peak Prime),CB ,Defender
https://sofifa.com/player/247827/michael-olise/260031/,Michael Olise,74.0,85.0,87.0,90.0,58.0,62.0,88.0,90.0,23,103073808,18.4509558817973,22-27 (Peak Prime),RM RW CAM ,Attacker
https://sofifa.com/player/225539/dominic-solanke/260031/,Dominic Solanke,74.0,81.0,77.0,78.0,35.0,84.0,80.0,80.0,27,25768452,17.064661549782763,22-27 (Peak Prime),ST ,Attacker
https://sofifa.com/player/248465/ian-maatsen/260031/,Ian Maatsen,87.0,64.0,79.0,81.0,72.0,52.0,79.0,84.0,23,22087244,16.910510850551933,22-27 (Peak Prime),LB LM ,Defender
https://sofifa.com/player/231478/lautaro-martinez/260031/,Lautaro Martínez,80.0,93.0,78.0,81.0,50.0,80.0,88.0,88.0,27,62580526,17.95196471739039,22-27 (Peak Prime),ST ,Attacker
https://sofifa.com/player/236403/evan-ndicka/260031/,Evan Ndicka,78.0,49.0,78.0,69.0,83.0,81.0,81.0,83.0,25,25768452,17.064661549782763,22-27 (Peak Prime),CB ,Defender
https://sofifa.com/player/73921/nathan-de-cat/260031/,Nathan De Cat,63.0,45.0,69.0,63.0,68.0,68.0,68.0,87.0,16,18406037,16.72818932092298,U21 (Wonderkid),CDM CM ,Midfielder
https://sofifa.com/player/263370/valentin-barco/260031/,Valentín Barco,77.0,42.0,83.0,77.0,74.0,48.0,78.0,84.0,20,25768452,17.064661549782763,U21 (Wonderkid),CM CDM CAM ,Midfielder
https://sofifa.com/player/259240/adam-wharton/260031/,Adam Wharton,63.0,60.0,86.0,78.0,78.0,66.0,81.0,87.0,21,44174489,17.60365803111188,U21 (Wonderkid),CDM CM ,Midfielder
https://sofifa.com/player/241637/aurelien-tchouameni/260031/,Aurélien Tchouaméni,70.0,65.0,85.0,76.0,83.0,82.0,84.0,87.0,25,55218111,17.82680157337109,22-27 (Peak Prime),CDM CM CB ,Defender
https://sofifa.com/player/256630/florian-wirtz/260031/,Florian Wirtz,79.0,82.0,88.0,89.0,49.0,59.0,87.0,91.0,22,80986563,18.20979382233447,22-27 (Peak Prime),CAM LM CM ,Midfielder
https://sofifa.com/player/229348/antonee-robinson/260031/,Antonee Robinson,89.0,44.0,76.0,79.0,81.0,73.0,82.0,82.0,27,18406037,16.72818932092298,22-27 (Peak Prime),LB LM ,Defender
https://sofifa.com/player/252802/wilfried-singo/260031/,Wilfried Singo,87.0,55.0,71.0,74.0,80.0,85.0,79.0,85.0,24,18406037,16.72818932092298,22-27 (Peak Prime),CB RB ,Defender
https://sofifa.com/player/257057/amadou-onana/260031/,Amadou Onana,82.0,60.0,80.0,79.0,82.0,84.0,81.0,84.0,23,33130866,17.315975943568432,22-27 (Peak Prime),CDM CM ,Midfielder
https://sofifa.com/player/276602/assan-ouedraogo/260031/,Assan Ouédraogo,76.0,66.0,79.0,83.0,54.0,77.0,73.0,86.0,19,20614761,16.84151797906498,U21 (Wonderkid),CM CAM CDM ,Midfielder
https://sofifa.com/player/265693/jakub-kiwior/260031/,Jakub Kiwior,70.0,29.0,83.0,75.0,83.0,79.0,80.0,85.0,25,19878520,16.805150360046884,22-27 (Peak Prime),CB LB CM ,Defender
https://sofifa.com/player/235073/gregor-kobel/260031/,Gregor Kobel,52.0,10.0,39.0,24.0,15.0,81.0,86.0,89.0,27,29449659,17.198192923003713,22-27 (Peak Prime),GK ,Goalkeeper
https://sofifa.com/player/236772/dominik-szoboszlai/260031/,Dominik Szoboszlai,83.0,79.0,86.0,85.0,76.0,69.0,86.0,88.0,24,73624148,18.11448364129537,22-27 (Peak Prime),CAM RB CM ,Defender
https://sofifa.com/player/238744/weston-mckennie/260031/,Weston McKennie,78.0,68.0,78.0,78.0,81.0,77.0,78.0,79.0,26,22087244,16.910510850551933,22-27 (Peak Prime),CM CAM RM ,Midfielder
https://sofifa.com/player/230621/gianluigi-donnarumma/260031/,Gianluigi Donnarumma,55.0,12.0,40.0,28.0,14.0,75.0,89.0,91.0,26,33130866,17.315975943568432,22-27 (Peak Prime),GK ,Goalkeeper
https://sofifa.com/player/231443/ousmane-dembele/260031/,Ousmane Dembélé,89.0,90.0,89.0,94.0,49.0,69.0,90.0,90.0,28,73624148,18.11448364129537,28+ (Veteran),ST RW CAM ,Attacker
https://sofifa.com/player/267861/santiago-castro/260031/,Santiago Castro,78.0,78.0,68.0,77.0,38.0,67.0,77.0,84.0,20,25768452,17.064661549782763,U21 (Wonderkid),ST ,Attacker
https://sofifa.com/player/277327/francesco-pio-esposito/260031/,Francesco Pio Esposito,67.0,79.0,73.0,72.0,44.0,85.0,76.0,84.0,20,33130866,17.315975943568432,U21 (Wonderkid),ST ,Attacker
https://sofifa.com/player/257186/ardon-jashari/260031/,Ardon Jashari,74.0,64.0,80.0,70.0,72.0,80.0,77.0,86.0,22,22087244,16.910510850551933,22-27 (Peak Prime),CDM CM ,Midfielder
https://sofifa.com/player/247246/khephren-thuram/260031/,Khéphren Thuram,80.0,77.0,83.0,81.0,84.0,82.0,81.0,85.0,24,29449659,17.198192923003713,22-27 (Peak Prime),CM CDM ,Midfielder
https://sofifa.com/player/270857/mateus-goncalo-espanha-fernandes/260031/,Mateus Gonçalo Espanha Fernandes,67.0,69.0,80.0,80.0,76.0,62.0,78.0,85.0,20,25768452,17.064661549782763,U21 (Wonderkid),CM CAM CDM ,Midfielder
https://sofifa.com/player/262842/martin-baturina/260031/,Martin Baturina,77.0,70.0,81.0,84.0,64.0,69.0,79.0,84.0,22,17669795,16.687367299237724,22-27 (Peak Prime),CAM LM CM ,Midfielder
https://sofifa.com/player/259583/destiny-udogie/260031/,Destiny Udogie,89.0,64.0,76.0,79.0,76.0,77.0,79.0,83.0,22,25768452,17.064661549782763,22-27 (Peak Prime),LB LM ,Defender
https://sofifa.com/player/232999/tyler-adams/260031/,Tyler Adams,74.0,55.0,78.0,74.0,82.0,69.0,79.0,81.0,26,18406037,16.72818932092298,22-27 (Peak Prime),CDM CM ,Midfielder
https://sofifa.com/player/235790/kai-havertz/260031/,Kai Havertz,72.0,80.0,82.0,84.0,47.0,75.0,82.0,84.0,26,36812074,17.421336474317926,22-27 (Peak Prime),ST CM CAM ,Attacker
https://sofifa.com/player/251852/karim-adeyemi/260031/,Karim Adeyemi,96.0,81.0,74.0,84.0,34.0,67.0,82.0,86.0,23,36812074,17.421336474317926,22-27 (Peak Prime),RM LW CAM RW ,Attacker
https://sofifa.com/player/235353/ismaila-sarr/260031/,Ismaïla Sarr,93.0,79.0,79.0,78.0,39.0,72.0,80.0,80.0,27,25768452,17.064661549782763,22-27 (Peak Prime),RW CAM RM ,Attacker
https://sofifa.com/player/278780/finn-jeltsch/260031/,Finn Jeltsch,73.0,33.0,68.0,60.0,78.0,76.0,73.0,87.0,18,22087244,16.910510850551933,U21 (Wonderkid),CB ,Defender
https://sofifa.com/player/278399/gonzalo-garcia-torres/260031/,Gonzalo García Torres,70.0,75.0,66.0,69.0,40.0,74.0,73.0,83.0,21,22087244,16.910510850551933,U21 (Wonderkid),ST ,Attacker
https://sofifa.com/player/209331/mohamed-salah/260031/,Mohamed Salah,86.0,88.0,86.0,87.0,43.0,75.0,89.0,89.0,33,22087244,16.910510850551933,28+ (Veteran),RM RW ,Attacker
https://sofifa.com/player/279345/gabriel-moraganoz/250033/,Gabriel Moraganoz,68.0,52.0,66.0,50.0,65.0,70.0,69.0,69.0,28,55218111,17.82680157337109,28+ (Veteran),RB ,Defender
https://sofifa.com/player/241850/mateo-retegui/260031/,Mateo Retegui,74.0,87.0,78.0,78.0,30.0,81.0,82.0,83.0,26,25768452,17.064661549782763,22-27 (Peak Prime),ST ,Attacker
https://sofifa.com/player/259031/liam-delap/260031/,Liam Delap,81.0,80.0,69.0,78.0,25.0,84.0,78.0,84.0,22,23559727,16.975049371689504,22-27 (Peak Prime),ST ,Attacker
https://sofifa.com/player/244778/francisco-trincao/260031/,Francisco Trincão,80.0,82.0,82.0,86.0,36.0,72.0,83.0,85.0,25,25768452,17.064661549782763,22-27 (Peak Prime),CAM RM RW ST ,Attacker
https://sofifa.com/player/74091/jon-gorrotxategi/260031/,Jon Gorrotxategi,73.0,58.0,75.0,70.0,78.0,78.0,76.0,84.0,22,18406037,16.72818932092298,22-27 (Peak Prime),CDM CM ,Midfielder
https://sofifa.com/player/202126/harry-kane/260031/,Harry Kane,65.0,96.0,86.0,80.0,44.0,87.0,90.0,90.0,31,47855696,17.68370072833734,28+ (Veteran),ST ,Attacker
https://sofifa.com/player/265188/giorgio-scalvini/260031/,Giorgio Scalvini,65.0,25.0,72.0,56.0,82.0,71.0,78.0,86.0,21,22087244,16.910510850551933,U21 (Wonderkid),CB ,Defender
https://sofifa.com/player/255001/nicolo-rovella/260031/,Nicolò Rovella,77.0,52.0,82.0,78.0,77.0,62.0,79.0,84.0,23,16933554,16.6448077143461,22-27 (Peak Prime),CDM CM ,Midfielder
https://sofifa.com/player/229558/dayot-upamecano/260031/,Dayot Upamecano,78.0,39.0,79.0,73.0,84.0,87.0,86.0,88.0,26,51536904,17.757808710939138,22-27 (Peak Prime),CB ,Defender
https://sofifa.com/player/274728/samba-diallo/260007/,Samba Diallo,69.0,59.0,61.0,66.0,22.0,58.0,63.0,71.0,22,36812074,17.421336474317926,22-27 (Peak Prime),LM LW ,Attacker
https://sofifa.com/player/263578/alejandro-balde-martinez/260031/,Alejandro Balde Martínez,90.0,51.0,82.0,80.0,80.0,69.0,83.0,87.0,21,40493281,17.51664664177452,U21 (Wonderkid),LB LM ,Defender
https://sofifa.com/player/271918/robin-risser/260031/,Robin Risser,44.0,8.0,48.0,15.0,13.0,71.0,78.0,85.0,20,18406037,16.72818932092298,U21 (Wonderkid),GK ,Goalkeeper
https://sofifa.com/player/271266/givairo-read/260031/,Givairo Read,80.0,52.0,72.0,70.0,74.0,75.0,76.0,89.0,19,18406037,16.72818932092298,U21 (Wonderkid),RB RM ,Defender
https://sofifa.com/player/247851/bruno-guimaraes-moura/260031/,Bruno Guimarães Moura,66.0,73.0,88.0,86.0,82.0,76.0,86.0,86.0,27,55218111,17.82680157337109,22-27 (Peak Prime),CM CDM ,Midfielder
https://sofifa.com/player/279173/franco-mastantuono/260031/,Franco Mastantuono,73.0,70.0,76.0,81.0,51.0,60.0,77.0,,17,33130866,17.315975943568432,U21 (Wonderkid),RM RW CAM ,Attacker
https://sofifa.com/player/241159/marc-guehi/260031/,Marc Guéhi,72.0,42.0,80.0,72.0,85.0,80.0,84.0,86.0,24,47855696,17.68370072833734,22-27 (Peak Prime),CB ,Defender
https://sofifa.com/player/254117/maximilian-beier/260031/,Maximilian Beier,86.0,83.0,77.0,80.0,39.0,53.0,80.0,84.0,22,29449659,17.198192923003713,22-27 (Peak Prime),ST CAM LM ,Attacker
https://sofifa.com/player/275324/assane-diao/260031/,Assane Diao,90.0,79.0,69.0,78.0,33.0,57.0,76.0,87.0,19,22087244,16.910510850551933,U21 (Wonderkid),LM RM LW ,Attacker
https://sofifa.com/player/258966/andrea-cambiaso/260031/,Andrea Cambiaso,80.0,68.0,80.0,81.0,79.0,68.0,80.0,82.0,25,22087244,16.910510850551933,22-27 (Peak Prime),LB RB LM ,Defender
https://sofifa.com/player/279604/mikel-jauregizar-alboniga/260031/,Mikel Jauregizar Alboniga,72.0,72.0,81.0,77.0,81.0,75.0,80.0,87.0,21,25768452,17.064661549782763,U21 (Wonderkid),CM CDM ,Midfielder
https://sofifa.com/player/256903/goncalo-matias-ramos/260031/,Gonçalo Matias Ramos,73.0,82.0,72.0,76.0,47.0,79.0,80.0,84.0,24,25768452,17.064661549782763,22-27 (Peak Prime),ST ,Attacker
https://sofifa.com/player/277537/natan-bernardo-de-souza/260031/,Natan Bernardo de Souza,66.0,27.0,74.0,66.0,80.0,83.0,78.0,83.0,24,18406037,16.72818932092298,22-27 (Peak Prime),CB ,Defender
https://sofifa.com/player/73398/romulo-jose-cardoso-da-cruz/260031/,Rômulo José Cardoso da Cruz,67.0,82.0,77.0,79.0,33.0,84.0,78.0,83.0,23,22087244,16.910510850551933,22-27 (Peak Prime),ST ,Attacker
https://sofifa.com/player/275632/danilo-mitrovic/250044/,Danilo Mitrović,58.0,45.0,55.0,51.0,70.0,54.0,61.0,68.0,23,17669795,16.687367299237724,22-27 (Peak Prime),CB RB ,Defender
https://sofifa.com/player/248793/mats-wieffer/260031/,Mats Wieffer,67.0,62.0,79.0,73.0,78.0,76.0,78.0,81.0,25,18406037,16.72818932092298,22-27 (Peak Prime),CDM RB CM ,Defender
https://sofifa.com/player/270208/archie-gray/260031/,Archie Gray,73.0,59.0,78.0,75.0,76.0,72.0,77.0,86.0,19,25768452,17.064661549782763,U21 (Wonderkid),CDM CB RB CM ,Defender
https://sofifa.com/player/272500/carlos-baleba/260031/,Carlos Baleba,74.0,63.0,80.0,81.0,81.0,79.0,80.0,86.0,21,40493281,17.51664664177452,U21 (Wonderkid),CDM CM ,Midfielder
https://sofifa.com/player/260592/benjamin-sesko/260031/,Benjamin Šeško,90.0,81.0,74.0,78.0,42.0,83.0,80.0,87.0,22,47855696,17.68370072833734,22-27 (Peak Prime),ST ,Attacker
https://sofifa.com/player/233731/alexander-isak/260031/,Alexander Isak,80.0,90.0,79.0,87.0,34.0,79.0,87.0,88.0,25,73624148,18.11448364129537,22-27 (Peak Prime),ST ,Attacker
https://sofifa.com/player/272951/kevin-castano/260031/,Kevin Castaño,70.0,61.0,78.0,77.0,77.0,68.0,74.0,75.0,24,22087244,16.910510850551933,22-27 (Peak Prime),CM CDM ,Midfielder
https://sofifa.com/player/236920/justin-kluivert/260031/,Justin Kluivert,86.0,75.0,77.0,82.0,45.0,53.0,79.0,81.0,26,22087244,16.910510850551933,22-27 (Peak Prime),CAM LM CM ,Midfielder
https://sofifa.com/player/244675/oihan-sancet-tirapu/260031/,Oihan Sancet Tirapu,77.0,81.0,83.0,83.0,66.0,80.0,82.0,87.0,25,25768452,17.064661549782763,22-27 (Peak Prime),CAM CM ST ,Attacker
https://sofifa.com/player/273463/joao-victor-gomes-da-silva/260031/,João Victor Gomes da Silva,52.0,64.0,78.0,73.0,81.0,68.0,78.0,83.0,24,25768452,17.064661549782763,22-27 (Peak Prime),CDM CM ,Midfielder
https://sofifa.com/player/243715/william-saliba/260031/,William Saliba,78.0,35.0,80.0,74.0,90.0,88.0,88.0,90.0,24,66261733,18.009123124128376,22-27 (Peak Prime),CB ,Defender
https://sofifa.com/player/270531/ousmane-diomande/260031/,Ousmane Diomande,82.0,20.0,71.0,71.0,82.0,90.0,80.0,87.0,21,33130866,17.315975943568432,U21 (Wonderkid),CB ,Defender
https://sofifa.com/player/228092/sander-berge/260031/,Sander Berge,65.0,61.0,81.0,75.0,76.0,89.0,79.0,80.0,27,18406037,16.72818932092298,22-27 (Peak Prime),CDM CM CB ,Defender
https://sofifa.com/player/252386/kevin-carlos-omoruyi-benjamin/260031/,Kevin Carlos Omoruyi Benjamin,67.0,73.0,62.0,70.0,21.0,91.0,71.0,76.0,24,22087244,16.910510850551933,22-27 (Peak Prime),ST ,Attacker
https://sofifa.com/player/273018/andrey-n-dos-santos/260031/,Andrey N. dos Santos,71.0,69.0,82.0,77.0,81.0,75.0,80.0,87.0,21,33130866,17.315975943568432,U21 (Wonderkid),CM CDM ,Midfielder
https://sofifa.com/player/239837/alexis-mac-allister/260031/,Alexis Mac Allister,64.0,79.0,87.0,81.0,82.0,69.0,86.0,87.0,26,58899318,17.891340086585537,22-27 (Peak Prime),CM CDM ,Midfielder
https://sofifa.com/player/257504/bilal-el-khannouss/260031/,Bilal El Khannouss,78.0,69.0,78.0,84.0,39.0,56.0,78.0,84.0,21,23559727,16.975049371689504,U21 (Wonderkid),CAM LM CM ,Midfielder
https://sofifa.com/player/247635/khvicha-kvaratskhelia/260031/,Khvicha Kvaratskhelia,86.0,81.0,87.0,89.0,62.0,76.0,87.0,90.0,24,66261733,18.009123124128376,22-27 (Peak Prime),LW RW LM ,Attacker
https://sofifa.com/player/253072/darwin-nunez/260031/,Darwin Núñez,89.0,75.0,74.0,76.0,52.0,81.0,78.0,81.0,26,18406037,16.72818932092298,22-27 (Peak Prime),ST LW LM ,Attacker
https://sofifa.com/player/258498/bart-verbruggen/260031/,Bart Verbruggen,55.0,8.0,40.0,15.0,17.0,72.0,80.0,86.0,22,29449659,17.198192923003713,22-27 (Peak Prime),GK ,Goalkeeper
https://sofifa.com/player/256769/adrien-truffert/260031/,Adrien Truffert,76.0,52.0,75.0,76.0,80.0,65.0,79.0,83.0,23,18406037,16.72818932092298,22-27 (Peak Prime),LB LM ,Defender
https://sofifa.com/player/260599/alan-varela/260031/,Alan Varela,69.0,60.0,81.0,75.0,77.0,76.0,80.0,85.0,23,23559727,16.975049371689504,22-27 (Peak Prime),CDM CM ,Midfielder
https://sofifa.com/player/247394/dejan-kulusevski/260031/,Dejan Kulusevski,72.0,82.0,86.0,88.0,66.0,78.0,83.0,86.0,25,25768452,17.064661549782763,22-27 (Peak Prime),CM RW CAM ,Attacker
https://sofifa.com/player/272978/jorrel-hato/260031/,Jorrel Hato,84.0,39.0,79.0,70.0,77.0,73.0,78.0,87.0,19,25768452,17.064661549782763,U21 (Wonderkid),LB CB CDM ,Defender
https://sofifa.com/player/248243/eduardo-camavinga/260031/,Eduardo Camavinga,80.0,64.0,86.0,83.0,82.0,79.0,82.0,86.0,22,36812074,17.421336474317926,22-27 (Peak Prime),CM CDM LB ,Defender
https://sofifa.com/player/279272/gabriel-lindqvist/260031/,Gabriel Lindqvist,72.0,62.0,66.0,69.0,69.0,71.0,69.0,69.0,29,55218111,17.82680157337109,28+ (Veteran),RB ,Defender
https://sofifa.com/player/259913/georgiy-sudakov/260031/,Georgiy Sudakov,80.0,76.0,79.0,83.0,58.0,68.0,80.0,87.0,22,20614761,16.84151797906498,22-27 (Peak Prime),CAM CM LM ,Midfielder
https://sofifa.com/player/234396/alphonso-davies/260031/,Alphonso Davies,93.0,64.0,84.0,85.0,74.0,75.0,84.0,87.0,24,33130866,17.315975943568432,22-27 (Peak Prime),LB LM ,Defender
https://sofifa.com/player/215441/serhou-guirassy/260031/,Serhou Guirassy,71.0,86.0,83.0,82.0,44.0,85.0,85.0,85.0,29,29449659,17.198192923003713,28+ (Veteran),ST ,Attacker
https://sofifa.com/player/273459/chris-rigg/260031/,Chris Rigg,73.0,66.0,73.0,74.0,62.0,47.0,72.0,84.0,18,18406037,16.72818932092298,U21 (Wonderkid),CAM CM RM ,Midfielder
https://sofifa.com/player/259377/yeremy-jesus-pino-santos/260031/,Yeremy Jesús Pino Santos,76.0,76.0,81.0,83.0,48.0,44.0,79.0,87.0,22,25768452,17.064661549782763,22-27 (Peak Prime),LW RW CAM LM ,Attacker
https://sofifa.com/player/248148/martin-zubimendi-ibanez/260031/,Martín Zubimendi Ibáñez,66.0,69.0,87.0,79.0,82.0,67.0,85.0,87.0,26,58899318,17.891340086585537,22-27 (Peak Prime),CDM CM ,Midfielder
https://sofifa.com/player/256632/luis-henrique-tomaz-de-lima/260031/,Luis Henrique Tomaz de Lima,94.0,74.0,74.0,80.0,52.0,81.0,78.0,83.0,23,16933554,16.6448077143461,22-27 (Peak Prime),RM LM RB RW ,Defender
https://sofifa.com/player/233486/robin-le-normand/260031/,Robin Le Normand,69.0,26.0,81.0,56.0,81.0,86.0,81.0,82.0,28,18406037,16.72818932092298,28+ (Veteran),CB ,Defender
https://sofifa.com/player/272834/joao-pedro-goncalves-neves/260031/,João Pedro Gonçalves Neves,71.0,72.0,87.0,84.0,85.0,78.0,87.0,92.0,20,80986563,18.20979382233447,U21 (Wonderkid),CM CDM ,Midfielder
https://sofifa.com/player/276694/johan-manzambi/260031/,Johan Manzambi,75.0,68.0,77.0,83.0,68.0,68.0,75.0,85.0,19,25768452,17.064661549782763,U21 (Wonderkid),CM CDM CAM ,Midfielder
https://sofifa.com/player/263765/tom-bischof/260031/,Tom Bischof,52.0,66.0,82.0,79.0,73.0,63.0,78.0,86.0,20,29449659,17.198192923003713,U21 (Wonderkid),CM CDM LB ,Defender
